Palabra;Puntuacion;Word;Correccion;Femenino;Sinonimos;
a bordo;1;aboard;;;;
abandona;-2;abandons;;;;
abandonado;-2;abandoned;;;;
abandonar;-2;abandon;;;;
abandono;-2;walkout;;;;
abatido;-2;dejected;;;;
abobado;-1;silly;;;;
aborrece;-3;abhors;;;;
aborrecer;-3;abhor;;;;
aborrecible;-3;abhorrent;;;;
aborrecido;-3;abhorred;;;;
abrazo;2;hug;;;;
abrazos;2;hugs;;;;
abriga;2;cherishes;;;;
absolver;2;absolve;;;;
absolviendo;2;absolving;;;;
absorbido;1;absorbed;;;;
absorto;1;engrossed;;;;
absueltos;2;absolved;;;;
absuelve;2;absolves;;;;
absurdo;-3;idiotic;;;;
aburrido;-3;boring;;;;
aburrir;-2;bore;;;;
abusado;-3;abused;;;;
abusivo;-3;abusive;;;;
abuso;-3;abuse;;;;
abusos;-3;abuses;;;;
acaparador;-2;profiteer;;;;
acaparamiento;-2;monopolizing;monopolizando;;;
accidental;-2;accidental;;;;
accidentalmente;-2;accidentally;;;;
accidente;-2;accident;;;;
accidentes;-2;accidents;;;;
acecha;-1;lurks;;;;
acepta;1;accepts;;;;
aceptado;1;accepted;;;;
aceptar;1;accept;;;;
aclamaciones;2;cheers;festejar;;;
aclara;2;clarifies;;;;
acoger;1;embrace;;;;
acongojado;-2;woebegone;;;;
acosado;-2;harried;;;;
acoso;-2;bullying;;;;
activo;1;active;;;;
acuchillado;-2;stabbed;;;;
acuerdo;1;agreement;;;;
acusa;-2;accuses;;;;
acusación;-2;accusation;;;;
acusaciones;-2;accusations;;;;
acusado;-2;accused;;;;
acusando;-2;accusing;;;;
acusar;-2;accuse;;;;
adecuado;1;adequate;;;;
adinerado;2;wealthy;;;;
admira;3;admires;;;;
admirado;3;admired;;;;
admirar;3;admire;;;;
admirativo;3;admiring;;;;
admite;-1;admits;;;;
admitir;-1;admit;;;;
adoctrina;-2;indoctrinates;;;;
adoctrinados;-2;indoctrinated;;adoctrinadas;;
adoctrinamiento;-2;indoctrinating;;;;
adoctrinar;-2;indoctrinate;;;;
adolorido;-2;aching;;;;
adopta;1;adopts;;;;
adoptar;1;adopt;;;;
adora;3;adores;;;;
adorable;3;adorable;;;;
adorado;3;worshiped;;adorada;;
adorar;3;adore;;;;
advertencia;-3;warning;;;;
advertencias;-3;warnings;;;;
advertir;-2;warn;;;;
advierte;-2;warns;;;;
afable;2;suave;;;;
afectado;-1;affected;;afectada;;
afecto;3;affection;;;;
aficionado;2;fond;encariñado;encariñada;;
afilado;1;keen;interesado;interesada;;
afirmativamente;2;positively;;;;
aflicción;-2;ache;;;;
afligido;-2;bereaved;;afligida;;
afortunado;2;fortunate;;afortunada;;
afrentado;-1;affronted;;afrentada;;
agitado;-2;fidgety;;;;
agobiados;-2;burdened;;agobiadas;;
agoniza;-3;agonizes;;;;
agonizado;-3;agonized;;agonizada;;
agonizante;-3;agonising;;;;
agonizar;-3;agonise;;;;
agotado;-2;drained;;agotada;;
agradable;3;pleasant;;;;
agradecer;2;thank;;;;
agradecido;2;thankful;;agradecida;;
agrava;-2;aggravates;;;;
agravado;-2;aggravated;;agravada;;
agravante;-2;aggravating;;;;
agravar;-2;aggravate;;;;
agraviado;-2;wronged;;;;
agresión;-2;aggression;;;;
agresiones;-2;aggressions;;;;
agresivo;-2;aggressive;;agresiva;;
agresor;-1;attacking;agresivo;agresiva;;
aguante;2;stamina;;;;
ahogar;-2;drown;;;;
ahogo;-2;choke;;;;
ahogue;-2;drowned;ahogado;ahogada;hundido;
airado;-3;irate;;aireada;;
aislado;-1;isolated;;aislada;;
ajuste;1;fit;ajustado;ajustada;;
alabado;3;praised;;alabada;;hundida
alabando;3;praising;;;;
alabanza;3;praise;;;;
alabanzas;3;praises;;;;
alarma;-2;alarm;;;;
alarmado;-2;alarmed;;alarmada;;
alarmista;-2;alarmist;;;;
alarmistas;-2;alarmists;;;;
alboroto;-2;riot;;;;
alcances;1;reaches;;;;
alcanzado;1;reached;;alcanzada;;
alcanzar;1;reach;;;;
aleccionadora;1;sobering;;aleccionadora;;
alegrarse;4;rejoice;;;;
alegre;2;cheerful;;;;
alegremente;3;joyfully;;;;
alegría;3;joy;;;;
alentado;2;encouraged;;;;
alentar;2;encourage;;;;
alérgico;-2;allergic;;alergica;;
alerta;-1;alert;;;;
alfombrilla de ratón;-1;lurking;acechando;;;
algún tipo;0;some kind;;;;
alicaído;-2;downcast;;alicaída;;
alienación;-2;alienation;;;;
alienta;2;encourages;;;;
aliviado;2;relieved;;aliviada;;
aliviar;1;relieve;;;;
amable;3;lovable;;;;
tratable;2;kind;;;;
amado;3;loved;;amada;;
amargado;-2;embittered;;amargada;;
amargamente;-2;bitterly;;;;
amargo;-2;bitter;;amarga;;
ambicioso;2;ambitious;;ambiciosa;;
ambivalente;-1;ambivalent;;;;
amedrentándose;-2;dreading;;;;
amenaza;-2;threat;;;;
amenazado;-2;menaced;;amenazada;;
amenazados;-2;threatened;;amenazadas;;
amenazante;-2;threatening;;;;
amenazar;-2;threaten;;;;
amenazas;-2;threats;;;;
amistoso;2;friendly;;amistosa;;
amonestado;-2;admonished;;amonestada;;
amonestar;-2;admonish;;;;
amontonar;-1;pileup;;;;
amor;3;love;;;;
amordazado;-2;gagged;;amordazada;;
amoroso;2;loving;;amorosa;;
ampliar;1;extend;;;;
analfabetismo;-2;illiteracy;;;;
angustia;-3;anguish;;;;
angustiado;-3;anguished;;;;
angustias;-2;distresses;preocupaciones;;;
angustioso;-2;distressing;preocupante;;;
anhelo;1;yearning;;;;
animado;2;cheered;;animada;;
animar;2;cheer;;;;
ánimo;2;encouragement;;;;
animosidad;-2;animosity;;;;
ansia;-1;longing;;;;
ansiedad;-2;anxiety;;;;
ansioso;-2;anxious;;;;
antagonista;-2;antagonistic;;;;
anti;-1;anti;;;;
anticipación;1;anticipation;;;;
apaciguado;2;appeased;;apaciguada;;
apaciguamiento;2;appeasing;;;;
apaciguar;2;appease;;;;
aparejado;-1;rigged;amañado;amañada;manipulado;
aparejo;-1;rig;amaña;;;
apasionado;2;passionate;;;;
apasionante;3;exhilarating;;;;
apatía;-3;apathy;;;;
apático;-3;apathetic;;;;
apenado;-2;grieved;;;;
apesadumbrado;-2;sorrowful;;;;
apeshit;-3;apeshit;;;;
aplaca;2;appeases;;;;
aplasta;-1;crushes;;;;
aplastada;-2;crushed;;;;
aplastante;-1;crushing;;;;manipulada
aplastar;-1;crush;;;;
aplaude;2;applauds;;;;
aplaudida;2;applauded;;;;
aplaudiendo;2;applauding;;;;
aplaudir;2;applaud;;;;
aplausos;2;applause;;;;
aplazar;-1;defer;;;;
apocalíptico;-2;apocalyptic;;;;
apoyo;2;support;;;;
aprecia;2;appreciates;;;;
apreciación;2;appreciation;;;;
apreciado;2;appreciated;;;;
apreciando;2;appreciating;;;;
apreciar;2;appreciate;;;;
aprensivo;-2;apprehensive;;;;
aprieto;-2;trouble;;;;
aprobación;2;approval;;;;
aprobado;2;approved;;;;
aprueba;2;approves;;;;
aptitud;1;fitness;;;;
aquejado;-2;stricken;aquejado;aquejada;;
ardiente;1;ardent;;;;
arrastra;-1;drags;;;;
arrastrado;-1;dragged;;;;
arrastrar;-1;drag;;;;
arreglado;-1;made-up;;;;
arrepentido;-2;regretful;;;;
arrepentimientos;-2;regrets;;;;
arrestado;-3;arrested;;;;
arrestar;-2;arrest;;;;
arresto;-2;arrest;;;;
arrestos;-2;arrests;;;;
arrinconado;-2;cornered;;;;
arrogante;-2;arrogant;;;;
arruinado;-2;ruined;;;;
arruinando;-2;ruining;;;;
arruinar;-2;ruin;;;;
asco;-3;disgust;;;;
asegura;2;secures;;;;
asegurado;2;secure;;;;
asegurando;1;ensuring;;;;
asegurar;1;ensure;;;;
asesinato;-3;killing;;;;
asesinatos;-3;assassinations;;;;
asesino;-3;murderous;;;;
asfixia;-2;choking;;;;
asfixiado;-2;choked;;;;
asistencia;2;helps;;;;
asno;-3;douche;;;;
asombra;3;astounds;;;;
asombrado;2;amazed;;;;
asombrar;3;astound;;;;
asombro;2;amaze;;;;
asombroso;4;amazing;;;;
aspiración;1;wish;;;;
asqueroso;-3;disgusting;;;;
astucia;-2;trickery;;;;
astuto;1;smart;;;;
asuntos;1;matters;;;;
asustadizo;-1;jumpy;;;;
asustado;-2;afraid;;;;
atacado;-1;attacked;;;;
ataque;-1;attack;;;;
ataques;-1;attacks;;;;
atascado;-2;stuck;;;;
aterrado;-2;appalled;;;;
aterrador;-3;frightening;;;;
aterroriza;-3;terrorizes;;;;
aterrorizado;-3;terrified;;;;
aterrorizar;-3;terrorize;;;;
atormentado;-2;haunted;;;;
atracción;2;attraction;;;;
atracciones;2;attractions;;;;
atractivo;3;glamorous;;;;
atrae;1;attracts;;;;
atraer;1;attract;;;;
atraído;1;attracted;;;;
atrapado;-2;trapped;;;;
atrayendo;2;attracting;;;;
atrevido;2;daring;;;;
atribulado;-2;joyless;;;;
atropello;-3;outrage;;;;
atroz;-3;awful;;;;
aturdido;-2;giddy;;;;
audaz;3;audacious;;;;
aumentado;1;increased;;;;
aumentar;1;boost;;;;
ausencia;-2;lack;;;;
ausente;-1;absentee;;;;
ausentes;-1;absentees;;;;
autoengañada;-2;self-deluded;;;;
autor;-2;perpetrator;;;;
autores;-2;perpetrators;;;;
autoridad;1;authority;;;;
avanzado;1;advanced;;;;
aventura;2;adventure;;;;
aventuras;2;adventures;;;;
aventurero;2;adventurous;;;;
avergonzado;-2;ashamed;;;;
avergonzar;-2;embarrass;;;;
aversión;-3;loathing;;;;
ávido;2;avid;;;;
axed;-1;axed;;;;
ay;-1;alas;;;;
ayuda;2;help;;;;
azorado;-2;troubled;;;;
bancadas;-2;thwarts;;;;
bankster;-3;bankster;;;;
barra oblicua;-2;slash;;;;
barras;-2;slashes;;;;
barrera;-2;barrier;;;;
Bastardo;-5;bastard;;;;
bastardos;-5;bastards;;;;
batalla;-1;battle;;;;
batallas;-1;battles;;;;
beatífico;3;beatific;;;;
bellezas;3;beauties;;;;
bendecir;2;bless;;;;
bendice;2;blesses;;;;
bendición;3;blessing;;;;
beneficiado;2;benefitted;;;;
beneficiando;2;benefitting;;;;
beneficio;2;benefit;;;;
beneficios;2;benefits;;;;
bereaves;-2;bereaves;;;;
bereaving;-2;bereaving;;;;
Beso;2;kiss;;;;
bienes;2;assets;;;;
bienvenida;2;welcomed;;;;
Bienvenido;2;welcome;;;;
bloquear;-1;block;;;;
bloqueo;-1;blocking;;;;
bloques;-1;blocks;;;;
bobo;-2;fool;;;;
boicoteado;-2;boycotted;;;;
boicoteando;-2;boycotting;;;;
boicotear;-2;boycott;;;;
boicots;-2;boycotts;;;;
bomba;-1;bomb;;;;
bondad;3;goodness;;;;
bonita;1;pretty;;;;
bonito;3;nice;;;;
borra;1;clears;;;;
borracho;-2;drunk;;;;
borroso;-2;blurry;;;;
boyante;2;buoyant;;;;
brillante;4;brilliant;;;;
brillar;3;sparkle;;;;
brillo;1;brightness;;;;
broma;2;joke;;;;
bruto;-2;gross;;;;
bueno;3;good;;;;
buque insignia;2;flagship;;;;
bureado;-2;tricked;;;;
burla;-2;mocks;;;;
burlado;-2;mocked;;;;
burlándose;-2;deriding;;;;
burlarse de;-2;mock;;;;
burlón;-2;mocking;;;;
burro;-4;jackass;;;;
cabezas de turco;-2;scapegoats;;;;
cabildeo;-2;lobbying;;;;
cabizbajo;-2;crestfallen;;;;
Cabron;-4;fucker;;;;
Cabrón;-3;dumbass;;;;
cadáver;-1;corpse;;;;
cagado;-3;screwed up;;;;
caído en desgracia;-2;disgraced;;;;
calambre;-1;cramp;;;;
calamitoso;-3;direful;;;;
calentar;1;warm;;;;
calma;2;calm;;;;
calmado;2;calmed;;;;
calmante;2;calming;;;;
calmar;3;soothe;;;;
calor;2;warmth;;;;
camuflando;-3;green washing;;;;
camuflar;-3;green wash;;;;
cancela;-1;cancels;;;;
cancelado;-1;cancelled;;;;
cancelando;-1;cancelling;;;;
cancelar;-1;cancel;;;;
cáncer;-1;cancer;;;;
candidez;-2;gullibility;;;;
cansado;-2;tired;;;;
caos;-2;chaos;;;;
caótico;-2;chaotic;;;;
capacidad;2;ability;;;;
capaz;1;capable;;;;
caprichoso;1;whimsical;;;;
carcajadas;-2;screams;;;;
carga;-2;burden;;;;
cargado;-3;charged;;;;
cargas;-2;burdens;;;;
cargos;-2;charges;;;;
cariño;2;fondness;;;;
cariñoso;3;affectionate;;;;
caro;3;dearly;;;;
Caso omiso;-2;disregarding;;;;
castiga;-2;punishes;;;;
castigado;-3;chastised;;;;
castigadora;-3;chastising;;;;
castigar;-2;punish;;;;
catástrofe;-3;catastrophe;;;;
catastrófico;-4;catastrophic;;;;
cauteloso;-1;cautious;;;;
cautivado;3;captivated;;;;
cautivador;3;lovely;;;;
cautivar;3;enthral;;;;
celebra;3;celebrates;;;;
celebrado;3;celebrated;;;;
celebrando;3;celebrating;;;;
celebrar;3;celebrate;;;;
celestial;4;heavenly;;;;
celoso;-2;jealous;;;;
censores;-2;censors;;;;
censurado;-2;censored;;;;
censurar;-2;censor;;;;
ceñudo;-1;frowning;;;;
cernía;-1;loomed;;;;
certero;1;certain;;;;
cerveza negra;2;stout;;;;
chagrined;-2;chagrined;;;;
chiflado por;2;infatuated;;;;
chispa;1;spark;;;;
chistes;2;jokes;;;;
chistoso;2;humourous;;;;
chivo expiatorio;-2;scapegoat;;;;
chocante;-2;shocking;;;;
chocar;-1;collide;;;;
choque;-2;crash;;;;
chupa;-3;sucks;;;;
chupapija;-5;cocksuckers;;;;
chupar;-3;suck;;;;
ciego;-1;blind;;;;
cielo;2;heaven;;;;
cierto;2;TRUE;;;;
cínico;-2;cynic;;;;
cinismo;-2;cynicism;;;;
claramente;1;clearly;;;;
claridad;2;clarity;;;;
claro;1;clear;;;;
clemente;1;forgiving;;;;
coaccionado;-2;coerced;;;;
cobarde;-2;coward;;;;
cobardemente;-2;cowardly;;;;
cobrar;-2;cashing in;;;;
codicia;-3;greed;;;;
codicioso;-2;greedy;;;;
cohibido;-1;shy;;;;
cojo;-2;lame;;;;
colapsado;-2;collapsed;;;;
colapsando;-2;collapsing;;;;
colapso;-2;collapse;;;;
colapsos;-2;collapses;;;;
colérico;-3;wrathful;;;;
colisión;-2;collision;;;;
colisiona;-1;collides;;;;
colisionando;-1;colliding;;;;
colisiones;-2;collisions;;;;
colusión;-3;colluding;;;;
combate;-1;combat;;;;
combates;-1;combats;;;;
comedia;1;comedy;;;;
cometer;1;commit;;;;
comodidad;2;comfort;;;;
comodidades;2;comforts;;;;
cómodo;2;comfortable;;;;
compadecimos;-1;pitied;;;;
Comparte;1;shares;;;;
compartido;1;shared;;;;
compartir;1;share;;;;
compasivo;2;compassionate;;;;
competente;2;competent;;;;
competitivo;2;competitive;;;;
complacencia;2;willingness;;;;
complacido;3;pleased;;;;
complicado;-1;hard;;;;
comprometido;1;committed;;;;
comprometiéndose;1;committing;;;;
compromiso;2;commitment;;;;
con toda tranquilidad;2;peacefully;;;;
conceder;1;grant;;;;
concedido;1;granted;;;;
concesión;1;granting;;;;
conchudo;-5;cunt;;;;
concilia;2;conciliates;;;;
conciliado;2;conciliated;;;;
conciliando;2;conciliating;;;;
conciliar;2;conciliate;;;;
condena;-2;condemns;;;;
condenación;-2;condemnation;;;;
condenado;-2;condemned;;;;
condenar;-2;condemn;;;;
confianza;2;confidence;;;;
confiar;1;trust;;;;
confidente;2;confident;;;;
conflictiva;-2;conflictive;;;;
conflicto;-2;conflict;;;;
conflictos;-2;conflicts;;;;
confrontación;-2;clash;;;;
confundido;-2;confused;;;;
confundir;-2;confuse;;;;
confuso;-2;confusing;;;;
conmoción;-2;shock;;;;
conmocionado;-2;shocked;;;;
conmociones;-2;shocks;;;;
consentimiento;2;consent;;;;
consentimientos;2;consents;;;;
considerado;2;thoughtful;;;;
consolable;2;consolable;;;;
consolador;2;comforting;;;;
conspiración;-3;conspiracy;;;;
consternado;-2;distressed;angustiado;angustiada;;
consternados;-2;dismayed;;;;
constreñido;-2;constrained;;;;
consumado;2;accomplished;;;;
contagio;-2;contagion;;;;
contagios;-2;contagions;;;;
contagioso;-1;contagious;;;;
contamina;-2;pollutes;;;;
contaminado;-2;polluted;;;;
contaminador;-2;polluter;;;;
contaminadores;-2;polluters;;;;
contaminar;-2;pollute;;;;
contencioso;-2;contentious;;;;
contender;-1;contend;;;;
contendiendo;-1;contending;;;;
contendiente;-1;contender;;;;
contento;2;jolly;contento;contenta;;
contestable;-2;contestable;;;;
contradictorio;-2;conflicting;;;;
contrapartida;-2;downside;;;;
contratar;1;engage;;;;
convence;1;convinces;;;;
convencer;1;convince;;;;
convencido;1;convinced;;;;
convenido;1;agreed;;;;
coño;-5;twat;;;;
coraje;2;courageous;;;;
corazón pesado;-2;heavyhearted;;;;
correo no deseado;-2;spam;;;;
cortar;-1;cut;;;;
corte;-1;cutting;;;;
cortejar;3;woo;;;;
cortés;2;courteous;;;;
cortesía;2;courtesy;;;;
cosas interesantes;3;cool stuff;;;;
costoso;-2;costly;;;;
creativo;2;creative;;;;
creciente;1;growing;;;;
crecimiento;2;growth;;;;
crédulo;-2;gullible;;;;
cretino;-3;jerk;;;;
crimen;-3;crime;;;;
criminal;-3;criminal;;;;
criminales;-3;criminals;;;;
crisis;-3;crisis;;;;
critica;-2;criticizes;;;;
crítica;-2;criticism;;;;
criticado;-2;criticized;;;;
criticando;-2;criticizing;;;;
criticar;-2;criticize;;;;
crítico;-2;critic;;;;
críticos;-2;critics;;;;
cruel;-3;cruel;;;;
crueldad;-3;cruelty;;;;
cubrir;-3;cover-up;;;;
cuchara;3;scoop;;;;
cuchillada;-2;slashing;;;;
cuestionable;-2;questionable;;;;
cuestionado;-1;questioned;;;;
cuidado;2;care;;;;
cuidados;2;cares;;;;
cuidadosamente;2;carefully;;;;
cuidadoso;2;careful;;;;
culo;-4;ass;;;;
culpa;-3;guilt;;;;
culpable;-3;guilty;;;;
culpada;-2;blamed;;;;
culpando;-2;blaming;;;;
Cumple;2;fulfills;;;;
cumplido;2;fulfilled;;;;
cumplir;2;fulfill;;;;
curioso;1;curious;;;;
da la bienvenida;2;welcomes;;;;
dañando;-2;hurting;;;;
dañar;-3;damage;;;;
daño;-2;harm;;;;
daños;-2;harms;;;;
daños y perjuicios;-3;damages;;;;
de acuerdo;1;agree;;;;
de buen tono;3;classy;;;;
de confianza;2;trusted;;;;
de miedo;-2;scary;;;;
de mierda;-3;shitty;;;;
de poco mérito;-2;undeserving;;;;
débil;-2;feeble;;;;
débiles;-2;weak;;;;
debilidad;-2;weakness;;;;
debilitante;-2;wasting;;;;
decepción;-2;disappointment;;;;
decepciona;-2;disappoints;;;;
decepcionado;-2;disappointed;;;;
decepcionante;-2;disappointing;;;;
decepcionar;-2;disappoint;;;;
decepciones;-2;disappointments;;;;
decidido;2;resolute;;;;
decir ah;2;ha;;;;
decisivo;1;decisive;;;;
declinado;-2;refused;;;;
dedicado;2;dedicated;;;;
defecto;-3;defect;;;;
defectos;-3;defects;;;;
defectuoso;-2;dud;;;;
defensor;2;defender;;;;
defensores;2;defenders;;;;
déficit;-2;deficit;;;;
defraudador;-4;fraudster;;;;
defraudadores;-4;fraudsters;;;;
degradado;-2;degraded;;;;
degradar;-2;degrade;;;;
dejar;-1;leave;;;;
dejecting;-2;dejecting;;;;
dejects;-2;dejects;;;;
delanteros;-2;strikers;;;;
deleitando;3;delighting;;;;
deleite;3;delight;;;;
delicado;-3;killed;;;;
delicias;3;delights;;;;
delincuente;-2;offender;;;;
delito;-3;felony;;;;
delitos;-3;felonies;;;;
demanda;-1;demand;;;;
demanda judicial;-2;lawsuit;;;;
demandar;-2;suing;;;;
demandas;-2;lawsuits;;;;
demorado;-1;delayed;;;;
denigrado;-2;belittled;;;;
denigrante;-2;disparaging;;;;
denuncia;-2;denounces;;;;
denunciar;-2;denounce;;;;
dependiente;2;reliant;;;;
deplorable;-2;dreary;;;;
deprimente;-2;depressing;;;;
deprimido;-2;depressed;;;;
deprimirse;-1;mope;;;;
derecho;1;straight;;;;
derrotado;-2;defeated;;;;
desacierto;-2;flops;;;;
desacreditada;-2;discredited;;;;
desafiante;-1;defiant;;;;
desagradable;-3;obnoxious;;;;
desahuciado;-2;lonesome;;;;
desairado;-2;snubbed;;;;
desaire;-2;snub;;;;
desaires;-2;snubs;;;;
desalentado;-2;discouraged;;;;
desalentador;-2;cheerless;;;;
desalojo;-1;eviction;;;;
desamparado;-2;helpless;;;;
desanimado;-2;downhearted;;;;
desaparece;-1;disappears;;;;
desaparecer;-1;disappear;;;;
desaparecido;-1;disappeared;;;;
desasosiego;-2;disquiet;;;;
desastre;-2;disaster;;;;
desastres;-2;disasters;;;;
desastroso;-3;disastrous;;;;
desatendido;-2;neglected;;;;
desazón;-2;chagrin;;;;
descabellado;-2;bizarre;;;;
descalificado;-2;disqualified;;;;
descarrila;-2;derails;;;;
descarrilado;-2;derailed;;;;
descartado;-1;discarded;;;;
descartando;-1;discarding;;;;
descarte;-1;discard;;;;
descartes;-1;discards;;;;
desconcertado;-2;embarrassed;;;;
desconectado;-1;offline;;;;
desconfiado;-3;distrustful;;;;
desconfianza;-3;distrust;;;;
desconsiderado;-2;inconsiderate;;;;
desconsolado;-2;disconsolate;;;;
desconsuelo;-2;disconsolation;;;;
descontento;-2;discontented;;;;
descorazonado;-2;disheartened;;;;
descreído;-1;unconvinced;;;;
descuento;-1;discounted;;;;
descuidado;-2;careless;;;;
descuido;-2;neglecting;;;;
desdén;-2;disdain;;;;
desdeñosamente;-2;contemptuously;;;;
desdeñoso;-2;contemptuous;;;;
deseable;2;desirable;;;;
deseado;2;desired;;;;
deseando;1;wishing;;;;
desempleo;-2;unemployment;;;;
desenfadado;1;lighthearted;despreocupado;despreocupada;;
desenfocado;-2;unfocused;;;;
desenvuelto;2;jaunty;;;;
deseo;1;desire;;;;
deseos;1;wishes;;;;
deseoso;2;desirous;;;;
desesperación;-3;despair;;;;
desesperaciones;-3;despairs;;;;
desesperadamente;-3;desperately;;;;
desesperado;-3;desperate;;;;
desesperante;-3;despairing;;;;
desesperanza;-2;hopelessness;;;;
desestima;-2;disregards;;;;
desestimación;-1;underestimating;;;;
desestimado;-2;disregarded;;;;
desestimar;-2;disregard;;;;
desestructurado;-2;disorganized;;;;
desfases;-2;lags;;;;
desgracia;-2;disgrace;;;;
deshecho;-1;dumps;;;;
deshonesto;-2;dishonest;;;;
deshumaniza;-2;dehumanizes;;;;
deshumanizado;-2;dehumanized;;;;
deshumanizante;-2;dehumanizing;;;;
deshumanizar;-2;dehumanize;;;;
desigual;-1;unequal;;;;
desilusionado;-2;disillusioned;;;;
desinformación;-2;misinformation;;;;
desinteresado;-2;unconcerned;;;;
desmoralizado;-2;demoralized;;;;
desmotivado;-2;unmotivated;;;;
desolador;-3;heartbreaking;desolador;desoladora;;
desolarse;-2;mourn;;;;
desorientado;-2;disoriented;;;;
despectivo;-2;scornful;;;;
despedido;-2;fired;;;;
despejado;1;cleared;;;;
desperdicios;-2;refuse;;;;
despistado;-2;mindless;;;;
despistados;-2;clueless;;;;
despotricar;-3;rant;;;;
despreciado;-2;unappreciated;;;;
desprecio;-2;contempt;;;;
despreocupado;1;carefree;;;;
destellos;3;sparkles;;;;
desterrar;-1;banish;;;;
destrozada;-2;shattered;;;;
destrucción;-3;destruction;;;;
destructivo;-3;destructive;;;;
destruido;-3;destroyed;;;;
destruir;-3;destroy;;;;
destruye;-3;destroys;;;;
destruyendo;-3;destroying;;;;
desventaja;-2;disadvantage;;;;
desventurado;-2;hapless;;;;
detención;-2;detention;;;;
detener;-2;detain;;;;
detenido;-2;detained;;;;
determinado;2;determined;;;;
detestado;-3;loathed;;;;
detestar;-3;loathe;;;;
deuda;-2;debt;;;;
devastado;-2;devastated;;;;
devastador;-2;devastating;;;;
devastar;-2;devastate;;;;
devoto;3;devoted;;;;
diamante;1;diamond;;;;
dicha;3;bliss;;;;
dichoso;3;blissful;;;;
difamatorio;-2;libelous;;;;
difícil;-1;difficult;;;;
difiriendo;-1;deferring;;;;
digno;2;worthy;;;;
dilema;-1;dilemma;;;;
dios;1;god;;;;
dipshit;-3;dipshit;;;;
dirección correcta;3;right direction;;;;
disconforme;-2;dissatisfied;;;;
discontento;-2;displeased;;;;
discordia;-2;discord;;;;
disculpa;-1;apology;;;;
disculpándose;-1;apologizing;;;;
disculparse;-1;apologises;;;;
disculpó;-1;apologised;;;;
discutible;-2;dubious;;;;
disfraces;-1;disguises;;;;
disfraz;-1;disguise;;;;
disfrazado;-1;disguised;;;;
disfrazando;-1;disguising;;;;
disfruta;2;enjoys;;;;
disfrutando;2;enjoying;;;;
disfrutar;2;enjoy;;;;
disfunción;-2;dysfunction;;;;
disgustado;-3;disgusted;;;;
disgusto;-2;dislike;;;;
disparar;-1;shoot;;;;
disparates;-2;nonsense;;;;
disparo;-2;firing;;;;
disputa;-2;dispute;;;;
disputado;-2;disputed;;;;
disputando;-2;disputing;;;;
disputas;-2;disputes;;;;
disrespected;-2;disrespected;;;;
disruptivo;-2;disruptive;;;;
distinguido;2;chic;;;;
distorsiona;-2;distorts;;;;
distorsionado;-2;distorted;;;;
distorsionando;-2;distorting;;;;
distorsionar;-2;distort;;;;
distracción;-2;distraction;;;;
distrae;-2;distracts;;;;
distraer;-2;distract;;;;
distraído;-2;distracted;;;;
disturbios;-2;riots;;;;
diversión;3;amusement;;;;
diversiones;3;amusements;;;;
divertidísimo;2;hilarious;;;;
divertido;4;fun;;;;
dolor;-2;pain;;;;
dolorido;-2;pained;;;;
doloroso;-2;dolorous;;;;
dubitativo;-1;doubting;;;;
duda;-1;doubt;;;;
dudado;-1;doubted;;;;
dudas;-1;doubts;;;;
dudoso;-1;doubtful;;;;
duele;-2;hurts;;;;
duelo;-2;grief;;;;
dulce;2;sweet;;;;
duro;-2;harsh;;;;
echar a perder;-2;messing up;;;;
eficaz;2;effective;;;;
eficazmente;2;effectively;;;;
egoísmo;-3;selfishness;;;;
egoísta;-3;selfish;;;;
ejecuciones;-2;foreclosures;;;;
el alivio;2;relieving;;;;
el corazón roto;-3;heartbroken;;;;
elación;3;elation;;;;
elegante;2;elegant;;;;
elogiado;2;commended;;;;
elogiar;2;commend;;;;
embaraza;-2;embarrasses;;;;
embarazoso;-2;embarrassing;;;;
embauca;-2;bamboozles;;;;
embaucado;-2;bamboozled;;;;
embaucar;-2;bamboozle;;;;
embellecer;3;beautify;;;;
emergencia;-2;emergency;;;;
emoción;3;excitement;;;;
emocionado;3;excited;;;;
emocionante;3;exciting;;;;
empalaga;;;;;;
empático;2;empathetic;;;;
empeora;-3;worsens;;;;
empeorado;-3;worsened;;;;
empeoramiento;-3;worsening;;;;
empeorar;-3;worsen;;;;
empequeñecer;-2;belittle;;;;
empollando;-2;brooding;;;;
emprendedor;1;enterprising;;;;
en mal estado;-2;messed;;;;
en pánico;-3;panicked;;;;
encalar;-3;whitewash;;;;
encantada;2;enchanted;;;;
encantado;3;delighted;;;;
encantador;3;charming;;;;
encantados;5;thrilled;;;;
encanto;3;charm;;;;
encarcelado;-2;imprisoned;;;;
encarecer;-2;oversell;;;;
encolerizado;-3;mad;;;;
encolerizar;-2;enrages;;;;
encomendado;2;entrusted;;;;
enconado;-2;inflamed;;;;
endosado;2;endorsed;;;;
endosar;2;endorse;;;;
enemigo;-2;enemy;;;;
enemigos;-2;enemies;;;;
energético;2;energetic;;;;
enérgico;2;brisk;;;;
enfadado;-2;annoyed;;;;
enfadar;-2;annoy;;;;
enfado;-3;anger;;;;
enfermedad;-2;illness;;;;
enfermedades;-2;illnesses;;;;
enfermo;-2;ill;;;;
enfermos;-2;sick;;;;
enfocado;2;focused;;;;
enfurece;-2;infuriates;;;;
enfurecedor;-2;enraging;;;;
enfurecer;-2;enrage;;;;
enfurecido;-2;enraged;;;;
enfurruñado;-2;mumpish;;;;
engancha;1;engages;;;;
engaña;-3;deceives;;;;
engañado;-3;cheated;;;;
engañando;-3;deceiving;;;;
engañar;-3;cheat;;;;
engaño;-3;deceit;;;;
engañoso;-3;deceitful;;;;
engatusar;-3;deceive;;;;
engreído;-2;cocky;;;;
enjuicia;-1;prosecutes;;;;
enjuiciamiento;-1;prosecution;;;;
enjuiciar;-1;prosecute;;;;
enloquecedor;-3;maddening;;;;
enojado;-3;angry;;;;
enojo;-3;angers;enojo;;;
enorme;1;huge;;;;
ensordecedor;-1;deafening;;;;
entretener;3;amuse;;;;
entretenido;2;entertaining;;;;
entristecer;-2;sadden;;;;
entristecido;-2;saddened;;;;
entrometido;-2;nosey;;;;
entumecido;-1;numb;;;;
entusiasma;3;exhilarates;;;;
entusiasmado;4;rapturous;;;;
entusiasta;3;enthusiastic;;;;
envenenado;-2;poisoned;;;;
envidia;-1;envy;;;;
envidiando;-1;envying;;;;
envidias;-1;envies;;;;
envidioso;-2;envious;;;;
envío de correo basura;-2;spamming;;;;
equivocación;-2;mistake;;;;
equivocaciones;-2;mistakes;;;;
equivocado;-2;mistaken;;;;
equivocándose;-2;mistaking;;;;
erróneo;-2;erroneous;;;;
error;-2;error;;;;
errores;-2;errors;;;;
erupción;-2;rash;;;;
es una pena;-2;ashame;;;;
escalofriante;-1;chilling;;;;
escándalo;-3;scandal;;;;
escándalos;-3;scandals;;;;
escandaloso;-3;scandalous;;;;
escapa;-1;escapes;;;;
escapando;-1;escaping;;;;
escapar;-1;escape;;;;
escasez;-2;shortage;;;;
escepticismo;-2;skepticism;;;;
escéptico;-2;skeptical;;;;
escépticos;-2;skeptics;;;;
esclarecedor;2;enlightening;;;;
esclavitud;-3;slavery;;;;
esclaviza;-2;enslaves;;;;
esclavizado;-2;enslaved;;;;
esclavizar;-2;enslave;;;;
esconder;-1;hide;;;;
escondido;-1;hid;;;;
escoria;-4;scumbag;;;;
esmeradamente;2;elegantly;;;;
espalda;1;backs;;;;
espantado;-2;aghast;;;;
espanto;-2;fright;;;;
espantoso;-3;horrific;;;;
espectacular;4;terrific;;;;
especulativo;-2;speculative;;;;
Espera;-1;awaits;;;;
esperado;-1;awaited;;;;
esperando;2;hoping;;;;
esperanza;2;hope;;;;
esperanzado;2;hopeful;;;;
esperanzas;2;hopes;;;;
esperar;-1;await;;;;
espinoso;-2;thorny;;;;
espíritu;1;spirit;;;;
espléndido;3;splendid;;;;
espumoso;3;sparkling;;;;
está de acuerdo;1;agrees;;;;
está de duelo;-2;mourns;;;;
estable;2;stable;;;;
establecido;1;vested;;;;
estafa;-2;scam;;;;
estafado;-2;duped;;;;
estafar;-2;dupe;;;;
estafas;-2;scams;;;;
estampida;-2;stampede;;;;
estancado;-2;stalled;;;;
estancamiento;-2;stalling;;;;
estar al acecho;-1;lurk;;;;
estereotipo;-2;stereotype;;;;
esteriotipado;-2;stereotyped;;;;
estimado;2;esteemed;;;;
estimula;1;stimulates;;;;
estimulado;1;stimulated;;;;
estimulante;2;stimulating;;;;
estimular;1;stimulate;;;;
estragos;-2;havoc;;;;
estrangulado;-2;strangled;;;;
estranguladores;-2;chokes;;;;
estresado;-2;stressed;;;;
estresor;-2;stressor;;;;
estupendo;3;great;;;;
estúpidamente;-2;stupidly;;;;
estúpido;-2;stupid;;;;
ético;2;ethical;;;;
euforia;3;euphoria;;;;
eufórico;4;euphoric;;;;
evade;-1;avoids;;;;
evadido;-1;avoided;;;;
evadir;-1;avoid;;;;
evita;-1;averts;;;;
evitado;-1;averted;;;;
evitar;-1;avert;;;;
exagera;-2;exaggerates;;;;
exageración;-2;overstatement;;;;
exageraciones;-2;overstatements;;;;
exagerado;-2;exaggerated;;;;
exagerando;-2;exaggerating;;;;
exagerar;-2;exaggerate;;;;
exaltado;3;elated;;;;
exasperada;2;exasperated;;;;
exasperado;-2;infuriated;;;;
exasperante;-2;infuriating;;;;
exasperar;-2;infuriate;;;;
excelencia;3;excellence;;;;
excelente;3;excellent;;;;
excepcional;5;outstanding;;;;
exceso de peso;-1;overweight;;;;
excitar;3;excite;;;;
excluidos;-2;excluded;;;;
excluir;-1;exclude;;;;
exclusión;-1;exclusion;;;;
exclusivo;2;exclusive;;;;
excusa;-1;excuse;;;;
exhaustivo;2;comprehensive;;;;
exhausto;-2;exhausted;;agotada;;
exigente;-1;demanding;;;;
exigido;-1;demanded;;;;
eximir;-1;exempt;;;;
éxito;2;success;;;;
éxito de taquilla;3;blockbuster;;;;
exitoso;3;successful;;;;
exonera;2;exonerates;;;;
exonerado;2;exonerated;;;;
exonerando;2;exonerating;;;;
exonerar;2;exonerate;;;;
expande;1;expands;;;;
expandir;1;expand;;;;
exploits;-2;exploits;;;;
exploración;1;exploration;;;;
exploraciones;1;explorations;;;;
explotado;-2;exploited;;;;
explotando;-2;exploiting;;;;
explotar;-2;exploit;;;;
expone;-1;exposes;;;;
exponer;-1;expose;;;;
exposición;-1;exposing;;;;
expuesto;-1;exposed;;;;
expulsa;-2;expels;;;;
expulsado;-2;expelled;;;;
expulsando;-2;expelling;;;;
expulsar;-2;expel;;;;
extasiar;3;enrapture;;;;
éxtasis;2;raptures;;;;
extático;4;ecstatic;;;;
extrañado;-2;puzzled;;;;
extrañamente;-1;strangely;;;;
extraño;-1;strange;;;;
exuberante;4;exuberant;;;;
exultante;3;exultantly;;;;
fabuloso;4;fabulous;;;;
fácil;1;easy;;;;
facilitar;2;ease;;;;
factores de estrés;-2;stressors;;;;
falaz;-3;misleading;;;;
falla;-2;fail;;;;
fallar;-2;fail;;;;
fallas;-2;fails;;;;
fallo;-2;failing;;;;
falsear;-3;greenwash;;;;
falsedad;-2;hoax;;;;
falsificación;-3;faking;;;;
falsificaciones;-3;fakes;;;;
falsificado;-3;falsified;;;;
falsificar;-3;falsify;;;;
FALSO;-3;fake;;;;
falta de respeto;-2;disrespect;;;;
faltante;-2;missing;;;;
fama;1;fame;;;;
famélico;-2;starved;;;;
fanático;-2;zealot;;;;
fanáticos;-2;zealots;;;;
fantasma;-1;ghost;;;;
fantástico;4;fantastic;;;;
farsa;-1;farce;;;;
fascina;3;fascinates;;;;
fascinado;3;fascinated;;;;
fascinante;3;fascinating;;;;
fascinar;3;fascinate;;;;
fascista;-2;fascist;;;;
fascistas;-2;fascists;;;;
fastidio;-2;annoyance;;;;
fastidioso;-2;bothersome;;;;
fatalidad;-3;fatality;;;;
fatiga;-2;fatigue;;;;
fatigado;-2;fatigued;;;;
fatigas;-2;fatigues;;;;
fatigoso;-2;fatiguing;;;;
favor;2;favor;;;;
favorecido;2;favored;;;;
favores;2;favors;;;;
favorito;2;favorite;;;;
favoritos;2;favorites;;;;
fe;1;faith;;;;
felicidad;3;happiness;;;;
felicidades;2;congrats;;;;
felicitación;2;congratulation;;;;
felicitaciones;2;congratulations;;;;
felicitar;2;congratulate;;;;
feliz;3;happy;;;;
fenomenal;4;wonderful;;;;
feo;-3;ugly;;;;
ferviente;2;fervent;;;;
fervoroso;2;fervid;;;;
festivo;2;festive;;;;
fiasco;-3;fiasco;;;;
fiel;3;faithful;;;;
filtrada;-1;leaked;;;;
finge;-1;pretends;;;;
fingir;-1;pretend;;;;
firme;2;steadfast;;;;
fóbico;-2;phobic;;;;
follada;-4;fucked;;;;
fortalece;2;strengthens;;;;
fortalecer;2;strengthen;;;;
fortalecimiento;2;strengthening;;;;
fortificado;2;strengthened;;;;
forzado;-1;forced;;;;
fracaso;-2;failure;;;;
fracasos;-2;failures;;;;
fraude;-4;fraud;;;;
fraudes;-4;frauds;;;;
fraudulento;-4;fraudulent;;;;
frenesí;-3;frenzy;;;;
frenético;-1;frantic;;;;
Fresco;1;fresh;;;;
frikin;-2;frikin;;;;
frotis;-2;smear;;;;
frustra;-2;frustrates;;;;
frustración;-2;frustration;;;;
frustrado;-2;frustrated;;;;
frustrante;-2;frustrating;;;;
frustrar;-2;frustrate;;;;
fuego;-2;fire;;;;
fuerte;2;strong;;;;
fuerza;2;strength;;;;
fuga;-1;leak;;;;
fuked;-4;fuked;;;;
fuking;-4;fuking;;;;
fumante;-2;fuming;;;;
funeral;-1;funeral;;;;
funerales;-1;funerals;;;;
funesto;-2;dismal;;;;
furioso;-3;furious;;;;
furtivo;-1;sneaky;;;;
fútil;2;futile;;;;
galante;3;gallant;;;;
galantería;3;gallantry;;;;
galardonado;3;awarded;;;;
gallardamente;3;gallantly;;;;
gamberrismo;-2;hooliganism;;;;
gamberro;-2;hooligan;;;;
ganado;2;gained;;;;
ganador;4;winner;;;;
ganancia;2;gain;;;;
ganancias;2;gains;;;;
ganando;2;gaining;;;;
ganar;4;win;;;;
garantía;1;guarantee;;;;
gemía;-2;moaned;;;;
gemido;-2;moan;;;;
gemidos;-2;moans;;;;
generoso;2;generous;;;;
genial;3;genial;;;;
gentil;3;gracious;;;;
gilipollas;-4;dickhead;;;;
gilipollas;-3;douchebag;;;;
gilipollas;-4;shithead;;;;
gilipollas;-3;wanker;;;;
gimiendo;-2;moaning;;;;
glamour;3;glamourous;;;;
gloria;2;glory;;;;
glorioso;2;glorious;;;;
golpe;-2;slam;;;;
golpeado;-1;struck;;;;
gorrón;-2;bummer;;;;
gozo;3;bliss;;;;
gozoso;3;cheery;;;;
gracia;1;grace;;;;
gracias;2;thanks;;;;
gracioso;4;funny;;;;
grande;1;big;;;;
grandioso;3;grand;;;;
granizado;2;hailed;;;;
granizo;2;hail;;;;
gratificación;2;gratification;;;;
gratificante;2;rewarding;;;;
gratis;1;free;;;;
grave;-2;severe;;;;
gravemente;-3;badly;;;;
greenwasher;-3;greenwasher;;;;
greenwashers;-3;greenwashers;;;;
gripe;-2;flu;;;;
gris;-1;gray;;;;
gritado;-2;screamed;;;;
gritando;-2;screaming;;;;
gritar;-2;scream;;;;
grito;-2;outcry;;;;
guarida;-1;haunt;;;;
Guau;4;wow;;;;
guay;1;cool;;;;
guerra;-2;war;;;;
guerrilla;-2;warfare;;;;
gustó;2;liked;;;;
gustos;2;likes;;;;
ha fallado;-2;failed;;;;
hábil;2;nifty;;;;
habilidades;2;abilities;;;;
hacer daño;-2;harming;;;;
hacer descarrilar;-2;derail;;;;
hacha;-1;axe;;;;
hackeado;-1;hacked;;;;
hahahah;3;hahahah;;;;
hambre;-2;hunger;;;;
harto;-3;fed up;;;;
herido;-2;casualty;;;;
herir;-2;hurt;;;;
hermosa;3;beautiful;;;;
hermosamente;3;beautifully;;;;
héroe;2;hero;;;;
héroes;2;heroes;;;;
heroico;3;heroic;;;;
hijo de puta;-5;motherfucker;;;;
Hijo de puta;-5;son-of-a-bitch;;;;
hijos de puta;-4;fuckers;;;;
hipócrita;-2;hypocritical;;;;
histeria;-3;hysteria;;;;
histérico;-3;hysterical;;;;
histerismo;-3;hysterics;;;;
homenaje;2;honouring;;;;
homenajeando;2;honoring;;;;
honesto;2;honest;;;;
honor;2;honor;;;;
honrado;2;honoured;;;;
hooligans;-2;hooligans;;;;
horrendo;-3;horrendous;;;;
horrible;-3;horrible;;;;
horrorizado;-3;horrified;;;;
hosco;-2;sullen;;;;
hostil;-2;hostile;;;;
Huelga;-1;strike;;;;
huelgas;-1;strikes;;;;
humerous;3;humerous;;;;
humillación;-3;humiliation;;;;
humillado;-3;humiliated;;;;
humor;2;humor;;;;
humorístico;2;humorous;;;;
Hurra;5;hurrah;;;;
hurtar;-2;steal;;;;
huye;-1;flees;;;;
idiota;-4;asshole;;;;
idiota;-3;idiot;;;;
ignora;-1;ignores;;;;
ignorado;-2;ignored;;;;
ignorancia;-2;ignorance;;;;
ignorante;-2;ignorant;;;;
ignorar;-1;ignore;;;;
ilegal;-3;illegal;;;;
Ilumina;2;enlightens;;;;
iluminar;2;enlighten;;;;
ilustrado;2;enlightened;;;;
imbécil;-3;imbecile;;;;
impaciente;-2;impatient;;;;
impactante;4;stunning;;;;
impar;-2;odd;;;;
Imparable;2;unstoppable;;;;
imparcial;2;unbiased;;;;
impasible;-2;unimpressed;;;;
impávido;2;fearless;;;;
impedido;-1;prevented;;;;
impedimento;-2;hindrance;;;;
imperfecto;-2;imperfect;;;;
impermeable;2;slicker;;;;
implacable;-1;relentless;;;;
impone;-1;imposes;;;;
imponente;-1;imposing;;;;
imponer;-1;impose;;;;
importancia;2;importance;;;;
importante;2;important;;;;
importar;1;matter;;;;
imposibilitado;-2;powerless;;;;
impotente;-2;impotent;;;;
impresiona;3;impresses;;;;
impresionado;3;impressed;;;;
impresionante;3;impressive;;;;
impresionar;3;impress;;;;
imprudente;-2;thoughtless;;;;
impuesto;-1;imposed;;;;
impulsado;1;boosted;;;;
impulsar;1;boosting;;;;
inacción;-2;inaction;;;;
inaceptable;-2;unacceptable;;;;
inadecuado;-2;inadequate;;;;
incapacidad;-2;inability;;;;
incapacitado;-2;incapacitated;;;;
incapacitante;-1;disabling;;;;
incapaz;-2;incapable;;;;
incierto;-1;uncertain;;;;
incómodo;-2;uncomfortable;;;;
incompetencia;-2;incompetence;;;;
incompetente;-2;incompetent;;;;
incomprendido;-2;misunderstood;;;;
inconcebible;-1;unbelievable;;;;
inconexo;-2;disjointed;;;;
inconfirmado;-1;unconfirmed;;;;
inconsciente;-2;unaware;;;;
inconveniencia;-2;inconvenience;;;;
inconveniente;-2;inconvenient;;;;
incorrecto;-2;wrong;;;;
incrédulo;-1;unbelieving;;;;
increíble;4;awesome;;;;
incrementar;1;increase;;;;
incumplida;-2;unfulfilled;;;;
indeciso;-2;indecisive;;;;
indefenso;-2;defenseless;;;;
indeseable;-2;undesirable;;;;
indestructible;2;indestructible;;;;
indiferencia;-2;indifference;;;;
indiferente;-2;indifferent;;;;
indignación;-2;indignation;;;;
indignado;-2;incensed;;;;
indignados;-3;outraged;;;;
indignante;-2;indignant;;;;
indigno de;-2;unworthy;;;;
indulgente;1;lenient;;;;
indultos;2;pardons;;;;
ineficaz;-2;ineffective;;;;
ineficazmente;-2;ineffectively;;;;
inequitativo;-2;unfair;;;;
inconcluso;-1;unsettled;;;;
inestable;-2;unstable;;;;
infantil;-2;childish;;;;
infatuación;2;infatuation;;;;
infectado;-2;infected;;;;
infeliz;-2;unhappy;;;;
inferior;-2;inferior;;;;
infidelidad;-3;betrayal;;;;
infierno;-4;hell;;;;
influyente;2;influential;;;;
información errónea;-2;misreporting;;;;
infortunio;-2;haplessness;;;;
infracción;-2;infringement;;;;
infractor;-2;offending;;;;
ingenioso;2;clever;;;;
ingenuo;-2;naive;;;;
inhibir;-1;inhibit;;;;
injusticia;-2;injustice;;;;
injusto;-2;unjust;;;;
inmortal;2;immortal;;;;
inmovilizado;-1;immobilized;;;;
inmune;1;immune;;;;
innova;1;innovates;;;;
innovación;1;innovation;;;;
innovador;2;innovative;;;;
innovar;1;innovate;;;;
inoportuno;-2;pesky;;;;
inquieto;-2;restless;;;;
inquisición;-2;inquisition;;;;
inquisitivo;2;inquisitive;;;;
insalubre;-2;unhealthy;;;;
insano;-2;insane;;;;
insatisfecho;-2;unsatisfied;;;;
inseguro;-2;insecure;;;;
insensatez;-3;madness;;;;
insensato;-2;foolish;;;;
insensibilidad;-2;insensitivity;;;;
insensible;-2;insensitive;;;;
insignificante;-2;insignificant;;;;
insípido;-2;insipid;;;;
insistente;-1;pushy;;;;
insolvente;-3;bankrupt;;;;
insomnio;-2;sleeplessness;;;;
inspira;2;inspires;;;;
inspiración;2;inspiration;;;;
alentador;2;inspirational;;;;
inspirado;2;inspired;;;;
inspirador;3;inspiring;;;;
inspirar;2;inspire;;;;
insuficiencias;-2;shortages;;;;
insultado;-2;insulted;;;;
insultante;-2;insulting;;;;
insulto;-2;insult;;;;
insultos;-2;insults;;;;
intacto;2;intact;;;;
integridad;2;integrity;;;;
inteligente;2;intelligent;;;;
intenso;1;intense;;;;
interesado;2;interested;;;;
interesante;2;interesting;;;;
interesar;1;interest;;;;
intereses;1;interests;;;;
interrogado;-2;interrogated;;;;
interrogatorio;-1;questioning;;;;
interrumpe;-2;interrupts;;;;
interrumpido;-2;interrupted;;;;
interrumpiendo;-2;interrupting;;;;
interrumpir;-2;interrupt;;;;
interrupción;-2;interruption;;;;
intimida;-2;intimidates;;;;
intimidación;-2;intimidation;;;;
intimidado;-2;intimidated;;;;
intimidante;-2;intimidating;;;;
intimidar;-2;intimidate;;;;
intitulado;1;entitled;;;;
intranquilo;-2;flustered;;;;
intrépido;2;dauntless;;;;
intrigas;1;intrigues;;;;
intrincado;2;intricate;;;;
inútil;-2;useless;;;;
inutilidad;-2;uselessness;;;;
invencible;2;invincible;;;;
invitación;1;invite;;;;
invulnerable;2;invulnerable;;;;
ironía;-1;irony;;;;
irónico;-1;ironic;;;;
irracional;-1;irrational;;;;
irresistible;2;irresistible;;;;
irresoluto;-2;irresolute;;;;
irresponsable;2;irresponsible;;;;
irreversible;-1;irreversible;;;;
irritado;-3;irritated;;;;
irritante;-3;irritating;;;;
irritar;-3;irritate;;;;
jackasses;-4;jackasses;;;;
jactancioso;-2;boastful;;;;
jaja;3;haha;;;;
jajaja;3;hahaha;;;;
Jesús;1;jesus;;;;
jocoso;2;jocular;;;;
jodido;-2;screwed;;;;
jovial;2;jovial;;;;
joya;1;jewel;;;;
joyas;1;jewels;;;;
jubiloso;3;joyous;;;;
juguetón;2;playful;;;;
juicio hipotecario;-2;foreclosure;;;;
jura;-2;swears;;;;
jurar;-2;swear;;;;
justa;2;fair;;;;
justicia;2;justice;;;;
justificadamente;2;justifiably;;;;
justificado;2;justified;;;;
juvenil;2;youthful;;;;
kills;-3;kills;;;;
Kinder;2;kinder;;;;
la prevención;-1;preventing;;;;
la resolución;1;solving;;;;
la seguridad;1;safety;;;;
ladrón;-2;robber;;;;
lag;-2;lagged;;;;
lágrimas;-2;tears;;;;
lamentable;-3;woeful;;;;
lamentado;-2;mourned;;;;
lamentando;-2;regretting;;;;
lamentar;-2;regret;;;;
lánguido;-2;lackadaisical;;;;
lanzado;1;launched;;;;
lástima;-2;pity;;;;
lastimado;-2;harmed;;;;
lastimoso;-2;piteous;;;;
late;-2;annoys;;;;
latoso;-2;annoying;;;;
laughting;1;laughting;;;;
lavado del cerebro;-3;brainwashing;;;;
lavado verde;-3;greenwashing;;;;
lawl;3;lawl;;;;
leal;3;loyal;;;;
lealtad;3;loyalty;;;;
leer mal;-1;misread;;;;
legal;1;legal;;;;
legalmente;1;legally;;;;
lento;-2;sluggish;;;;
lesión;-2;injury;;;;
lesionado;-2;injured;;;;
letárgico;-2;lethargic;;;;
letargo;-2;lethargy;;;;
libertad;2;freedom;;;;
libertar;-2;bailout;;;;
limitación;-1;limitation;;;;
limitado;-1;limited;;;;
límites;-1;limits;;;;
limpiador;2;cleaner;;;;
limpiar;2;clean;;;;
linda;2;cute;;;;
lío;-2;mess;;;;
listo;-2;poised;;;;
litigio;-1;litigation;;;;
litigioso;-2;litigious;;;;
lívido;-2;livid;;;;
llanto;-2;weeping;;;;
llantos;-2;cries;;;;
llegar;1;reaching;;;;
lleno de alegría;4;overjoyed;;;;
lleno de savia;-1;sappy;;;;
llorado;-2;cried;;;;
llorando;-2;crying;;;;
llorar;-1;cry;;;;
lluvioso;-1;rainy;;;;
lmao;4;lmao;;;;
lmfao;4;lmfao;;;;
lo siento;-1;sorry;;;;
loca;-2;crazy;;;;
locamente;-3;madly;;;;
loco;-2;crazier;;;;
locos;-3;lunatics;;;;
locura;-2;insanity;;;;
logra;2;accomplishes;;;;
lol;3;lol;;;;
los spammers;-3;spammers;;;;
lovelies;3;lovelies;;;;
lucha;-2;struggle;;;;
luchado;-2;struggled;;;;
luchando;-2;struggling;;;;
luchas;-2;struggles;;;;
lúgubre;-2;lugubrious;;;;
luminoso;1;bright;;;;
lunático;-3;lunatic;;;;
luto;-2;mourning;;;;
maduro;2;mature;;;;
magnífico;5;superb;;;;
magullado;-1;sore;;;;
mal;-3;evil;;;;
mal comportamiento;-2;misbehaving;;;;
mal humor;-2;sulking;;;;
mal informado;-2;misinformed;;;;
maldición;-1;curse;;;;
maldición;-4;damnit;;;;
maldita sea;-4;damn;;;;
maldito;-4;damned;;;;
maldito;-4;fucking;;;;
maldito;-3;goddamn;;;;
malentender;-2;misunderstand;;;;
malentendido;-2;misunderstanding;;;;
malentiende;-2;misunderstands;;;;
males;-1;mischiefs;;;;
malévolo;-2;spiteful;;;;
malhumorado;-2;sulky;;;;
malinterpretado;-2;misinterpreted;;;;
malo;-3;bad;;;;
malvado;-2;wicked;;;;
mancha;2;slick;;;;
manifestación;-1;demonstration;;;;
manifestantes;-2;protesters;;;;
manipulación;-1;manipulation;;;;
manipulado;-1;manipulated;;;;
manipulando;-1;manipulating;;;;
maravilla;3;marvel;;;;
maravillas;3;marvels;;;;
maravilloso;3;marvelous;;;;
mareado;-1;dizzy;;;;
maricón;-3;fag;;;;
maricones;-3;faggots;;;;
más baja;-1;lowest;;;;
más brillante;2;brightest;;;;
más divertido;4;funnier;;;;
más duras;-2;harshest;;;;
más duro;-2;harsher;;;;
más fuerte;2;stronger;;;;
más fuerte;2;strongest;;;;
más inteligente;2;smarter;;;;
más inteligente;2;smartest;;;;
más loca;-2;craziest;;;;
más oscura;-2;darkest;;;;
más pobre;-2;poorer;;;;
más pobre;-2;poorest;;;;
más resistentes;2;hardier;;;;
más sucio;-2;dirtier;;;;
más sucio;-2;dirtiest;;;;
matar;-3;kill;;;;
matón;-2;bully;;;;
mayor;3;greater;;;;
mayor;3;greatest;;;;
me gusta;2;like;;;;
meando;-3;pissing;;;;
mear;-4;piss;;;;
medalla;3;medal;;;;
mediocridad;-3;mediocrity;;;;
meditativo;1;meditative;;;;
mejor;3;best;;;;
mejor que;2;better;;;;
mejora;2;improves;;;;
mejorado;2;improved;;;;
mejorando;2;improving;;;;
mejorar;2;improve;;;;
mejoría;2;improvement;;;;
melancolía;-2;melancholy;;;;
melancólico;-2;gloomy;;;;
menospreciado;-2;disparaged;;;;
menospreciar;-2;disparage;;;;
menosprecie;-2;disparages;;;;
mentiroso;-3;liar;;;;
mentirosos;-3;liars;;;;
mercachifle;-2;huckster;;;;
metódico;2;methodical;;;;
miedo;-2;fear;;;;
miedoso;2;funky;;;;
mierda;-4;bullshit;;;;
mierda;-3;crap;;;;
mierda;-4;fuck;;;;
mierda;-4;shit;;;;
milagro;4;miracle;;;;
minado;-2;undermined;;;;
minando;-2;undermining;;;;
mintió;-2;lied;;;;
miope;-2;short-sighted;;;;
miopía;-2;short-sightedness;;;;
mirthfully;3;mirthfully;;;;
miserable;-3;miserable;;;;
miseria;-2;misery;;;;
misericordia;2;mercy;;;;
misterioso;-2;eerie;;;;
mito;-1;myth;;;;
moda;-2;fad;;;;
mofa;-2;derision;;;;
molesta;-2;bothers;;;;
molestado;-2;bothered;;;;
molestar;-2;disturb;;;;
molestia;-2;bother;;;;
molesto;-4;pissed;;;;
mongering;-2;mongering;;;;
monopoliza;-2;monopolizes;;;;
monopolizado;-2;monopolized;;;;
monopolizar;-2;monopolize;;;;
moping;-1;moping;;;;
mordaz;-3;acrimonious;;;;
mordaza;-2;gag;;;;
morir;-3;die;;;;
morir de hambre;-2;starve;;;;
mortificante;-2;vexing;;;;
motivación;1;motivation;;;;
motivado;2;motivated;;;;
motivador;2;motivating;;;;
motivar;1;motivate;;;;
muere de hambre;-2;starves;;;;
muerte;-2;death;;;;
muerto;-3;dead;;;;
multa;2;fine;;;;
muriendo de hambre;-2;starving;;;;
murió;-3;died;;;;
musaraña;-4;shrew;;;;
n00b;-2;n00b;;;;
natural;1;natural;;;;
necesitado;-2;needy;;;;
necio;-3;moron;;;;
nefasto;-3;dire;;;;
negado;-2;denied;;;;
negador;-2;denier;;;;
negadores;-2;deniers;;;;
negando;-2;denying;;;;
negándose;-2;refusing;;;;
negar;-2;deny;;;;
negatividad;-2;negativity;;;;
negativo;-2;negative;;;;
negligencia;-2;neglect;;;;
negligencias;-2;neglects;;;;
negociar;2;bargain;;;;
negrita;2;bold;;;;
negro;-5;nigger;;;;
nervios;-1;nerves;;;;
nerviosamente;-2;nervously;;;;
nervioso;-2;nervous;;;;
niebla tóxica;-2;smog;;;;
niega;-2;denies;;;;
Niggas;-5;niggas;;;;
no;-1;no;;;;
no amable;-2;unlovable;;;;
no aprobado;-2;unapproved;;;;
no creer;-2;disbelieve;;;;
no deseado;-2;unwanted;;;;
no es divertido;-3;no fun;;;;
no está bien;-2;not good;;;;
descompuesto;-3;does not work;;;;
fallando;-3;not working;;;;
no profesional;-2;unprofessional;;;;
no puede soportar;-3;can't stand;;;;
no sofisticado;-2;unsophisticated;;;;
no te gusta;-2;dont like;;;;
noble;2;noble;;;;
nostálgico;-2;homesick;;;;
notable;2;remarkable;;;;
notorio;-2;notorious;;;;
novato;-2;noob;;;;
novela;2;novel;;;;
nubes;-2;troubles;;;;
nublada;-1;clouded;;;;
nueces;-3;nuts;;;;
objeto de dumping;-2;dumped;;;;
obligado;1;compelled;;;;
obligatorio;-1;mandatory;;;;
obliterado;-2;obliterated;;;;
obliterar;-2;obliterate;;;;
obra maestra;4;masterpiece;;;;
obras maestras;4;masterpieces;;;;
obsceno;-2;obscene;;;;
obsesionado;2;obsessed;;;;
obsesionante;1;haunting;;;;
obsoleto;-2;obsolete;;;;
obstaculizado;-2;thwarted;;;;
obstaculizando;-2;thwarting;;;;
obstaculizar;-2;thwart;;;;
obstáculo;-2;obstacle;;;;
obstáculos;-2;obstacles;;;;
obstinado;-2;stubborn;;;;
obstruido;-1;blocked;;;;
ocultación;-1;hiding;;;;
odiado;-3;hated;;;;
odiando;-3;hating;;;;
odio;-3;hate;;;;
odios;-3;hates;;;;
ofende;-2;offends;;;;
ofender;-2;offend;;;;
ofendido;-2;offended;;;;
oferta;2;tender;;;;
ofuscado;-2;disturbed;;;;
Ojalá;2;hopefully;;;;
OKS;2;oks;;;;
olvidadizo;-2;forgetful;;;;
olvidado;-1;forgotten;;;;
olvidar;-1;forget;;;;
ominoso;3;ominous;;;;
oportunidad;2;opportunity;;;;
oportunidades;2;opportunities;;;;
opresivo;-2;oppressive;;;;
oprimidos;-2;oppressed;;;;
optimismo;2;optimism;;;;
optimista;2;optimistic;;;;
optionless;-2;optionless;;;;
ora;1;prays;;;;
orar;1;pray;;;;
orgullo;2;proudly;;;;
orgulloso;2;proud;;;;
osado;2;daredevil;;;;
oscuridad;-1;darkness;;;;
outmaneuvered;-2;outmaneuvered;;;;
ovación;2;cheering;;;;
overreacted;-2;overreacted;;;;
overselling;-2;overselling;;;;
oversells;-2;oversells;;;;
oxímoron;-1;oxymoron;;;;
pacífico;2;peaceful;;;;
paga;-1;pay;;;;
pagado;2;acquitted;;;;
paja;-2;blah;;;;
paliza;-1;beating;;;;
pánico;-3;panic;;;;
pánicos;-3;panics;;;;
parada;-1;stopping;;;;
paradas;-1;stops;;;;
paradoja;-1;paradox;;;;
paraíso;3;paradise;;;;
parar;-1;stop;;;;
parcial;-2;biased;;;;
parcialidad;-1;bias;;;;
pardoning;2;pardoning;;;;
parlamentar;-1;parley;;;;
parodia;-2;travesty;;;;
paros;-2;walkouts;;;;
parte superior;2;top;;;;
partidarios;1;supporters;;;;
pasado;-1;worn;;;;
pasado por alto;-1;overlooked;;;;
pasivamente;-1;passively;;;;
pasivo;-1;passive;;;;
pasmado;-2;stunned;;;;
pasmosamente;3;astoundingly;;;;
patético;-2;pathetic;;;;
pavor;-2;dread;;;;
paz;2;peace;;;;
pecaminoso;-3;sinful;;;;
pedir disculpas;-1;apologise;;;;
pelea;-1;fight;;;;
peligro;-2;danger;;;;
pena;-2;sorrow;;;;
pendiente;-1;undecided;;;;
penetración;3;breakthrough;;;;
pensativo;-1;pensive;;;;
penumbra;-1;gloom;;;;
peor;-3;worse;;;;
peor;-3;worst;;;;
perdedor;-3;loser;;;;
perder;-2;miss;;;;
perdición;-2;doom;;;;
pérdida;-3;loss;;;;
perdido;-2;missed;;;;
perdiendo;-3;losing;;;;
perdió;-3;lost;;;;
perdón;2;pardon;;;;
perdonado;2;pardoned;;;;
perdonar;1;forgive;;;;
perezoso;-1;lazy;;;;
perfecciona;2;perfects;;;;
perfeccionado;2;perfected;;;;
perfectamente;3;perfectly;;;;
Perfecto;3;perfect;;;;
perjudicado;-2;disadvantaged;;;;
perjudicial;-2;harmful;;;;
perjurio;-3;perjury;;;;
permitir;1;allow;;;;
perplejo;-2;perplexed;;;;
perra;-5;bitch;;;;
perras;-5;bitches;;;;
perseguidos;-2;persecuted;;;;
perseguir;-2;persecute;;;;
persigue;-2;persecutes;;;;
persiguiendo;-2;persecuting;;;;
perspectiva;1;prospect;;;;
perspectivas;1;prospects;;;;
perturba;-2;disturbs;;;;
perturbaciones;-2;disruptions;;;;
perturbado;-2;perturbed;;;;
perturbador;-2;disturbing;;;;
pesaroso;-2;mournful;;;;
pesimismo;-2;pessimism;;;;
pesimista;-2;pessimistic;;;;
pésimo;-2;appalling;;;;
petrificado;-2;petrified;;;;
picado;-2;piqued;;;;
picante;-2;itchy;;;;
pierde;-3;looses;;;;
pinchazo;-5;prick;;;;
pintoresco;2;picturesque;;;;
piqué;-2;pique;;;;
pistola;-1;gun;;;;
Placer;3;pleasure;;;;
pobre;-2;poor;;;;
pobreza;-1;poverty;;;;
poco claro;-1;unclear;;;;
poco ético;-2;unethical;;;;
poderoso;2;powerful;;;;
polémica;-2;controversially;;;;
polémico;-2;controversial;;;;
polla;-5;cock;;;;
polla;-4;dick;;;;
popular;3;popular;;;;
Por favor;1;please;;;;
por suerte;3;luckily;;;;
porta mal;-2;misbehaves;;;;
portado mal;-2;misbehaved;;;;
portarse mal;-2;misbehave;;;;
posesivo;-2;possessive;;;;
posibilidad;2;chance;;;;
posibilidades;2;chances;;;;
positivo;2;positive;;;;
pospone;-1;postpones;;;;
posponer;-1;postpone;;;;
posponiendo;-1;postponing;;;;
pospuesto;-1;postponed;;;;
potenciar;1;boosts;;;;
prblm;-2;prblm;;;;
prblms;-2;prblms;;;;
preciado;2;cherished;;;;
preferido;2;favorited;;;;
pregonan;-2;touting;;;;
premio;3;award;;;;
premios;3;awards;;;;
preocupación;-3;worry;;;;
preocupado;-3;worried;;;;
preocupante;-3;worrying;;;;
preparado;1;prepared;;;;
presar;-2;deject;;;;
presión;-1;pressure;;;;
presionados;-2;pressured;;;;
preso;-2;jailed;;;;
prestigio;3;kudos;;;;
pretendiendo;-1;pretending;;;;
prevenido;-2;warned;;;;
prevenir;-1;prevent;;;;
previene;-1;prevents;;;;
prisión;-2;prison;;;;
prisionero;-2;prisoner;;;;
prisioneros;-2;prisoners;;;;
privación;-2;hardship;;;;
privar;-2;bereave;;;;
privilegiado;2;privileged;;;;
proactivo;2;proactive;;;;
problema;-2;problem;;;;
procesado;-2;prosecuted;;;;
Progreso;2;progress;;;;
prohibición;-2;ban;;;;
prohibido;-2;banned;;;;
promesa;1;promise;;;;
promesas;1;promises;;;;
prometido;1;promised;;;;
prominente;2;prominent;;;;
promocionado;-2;touted;;;;
promover;1;promote;;;;
promovido;1;promoted;;;;
promoviendo;1;promoting;;;;
promueve;1;promotes;;;;
propaganda;-2;propaganda;;;;
próspero;3;prosperous;;;;
protege;1;protects;;;;
proteger;1;protect;;;;
protegido;1;protected;;;;
protesta;-2;protest;;;;
protestar;-2;protesting;;;;
protestas;-2;protests;;;;
provoca;-1;provokes;;;;
provocado;-1;provoked;;;;
provocador;-1;provoking;;;;
provocar;-1;provoke;;;;
pseudociencia;-3;pseudoscience;;;;
puesto;-2;stall;;;;
punitivo;-2;punitive;;;;
punto de referencia;2;landmark;;;;
punto muerto;-2;deadlock;;;;
puñalada;-2;stab;;;;
puñaladas;-2;stabs;;;;
pusilánime;-2;fainthearted;;;;
puta;-5;slut;;;;
puta;-4;whore;;;;
puto;-5;motherfucking;;;;
que cae;-1;falling;;;;
quejado;-2;complained;;;;
quejar;-2;complain;;;;
querer;1;want;;;;
querido;2;dear;;;;
rabia;-2;rage;;;;
rabioso;-2;rageful;;;;
ración;2;helping;;;;
racismo;-3;racism;;;;
racista;-3;racist;;;;
racistas;-3;racists;;;;
ranter;-3;ranter;;;;
ranters;-3;ranters;;;;
rantes;-3;rants;;;;
rápidamente;2;swiftly;;;;
rápido;2;swift;;;;
raptados;2;raptured;;;;
rapto;2;rapture;;;;
raro;-2;weird;;;;
Rasgado;-2;torn;;;;
ratificado;2;ratified;;;;
realce;2;highlight;;;;
realizable;1;achievable;;;;
realizar;2;accomplish;;;;
reanimar;2;revive;;;;
rebelión;-2;rebellion;;;;
recelo;-2;misgiving;;;;
recesión;-2;recession;;;;
rechaza;-1;rejects;;;;
rechazado;-1;rejected;;;;
rechazando;-1;rejecting;;;;
rechazar;-1;reject;;;;
recomendado;2;recommended;;;;
recomendar;2;recommend;;;;
recomienda;2;recommends;;;;
recompensa;2;reward;;;;
recompensado;2;rewarded;;;;
recompensas;2;rewards;;;;
reconcomido;-2;regretted;;;;
recortado;-2;slashed;;;;
recortes;-1;cuts;;;;
redimido;2;redeemed;;;;
refugios;-1;haunts;;;;
regalo;2;gift;;;;
regaño;-2;scold;;;;
regate;-2;dodging;;;;
regocija;4;rejoices;;;;
regocijado;4;rejoiced;;;;
regocijándose;4;rejoicing;;;;
reivindica;2;vindicates;;;;
reivindicando;2;vindicating;;;;
relajado;2;relaxed;;;;
relajante;3;soothing;;;;
relevante;2;meaningful;;;;
relieves;1;relieves;;;;
remordimiento;-2;remorse;;;;
rencorosos;-3;haters;;;;
renuente;-2;disinclined;;;;
renuncia;-1;resigns;;;;
renunciando;-1;resigning;;;;
renunciar;-1;resign;;;;
repeler;-1;repulse;;;;
repelido;-2;repulsed;;;;
reprende;-3;chastises;;;;
reprender;-3;chastise;;;;
repudio;-2;scorn;;;;
rescatada;2;rescued;;;;
rescate;2;rescue;;;;
rescates;2;rescues;;;;
resentido;-2;resentful;;;;
residuos;-1;waste;;;;
resignado;-1;resigned;;;;
resistente;2;hardy;;;;
resolver;2;resolve;;;;
resolviendo;2;resolving;;;;
respalda;2;endorses;;;;
Respaldados;1;backed;;;;
respaldo;2;endorsement;;;;
respetado;2;respected;;;;
responsable;2;responsible;;;;
restauración;1;restoring;;;;
restauraciones;1;restores;;;;
restaurada;1;restored;;;;
restaurar;1;restore;;;;
restos;-2;ruins;;;;
restricción;-2;restriction;;;;
restringe;-2;restricts;;;;
restringido;-2;restricted;;;;
restringiendo;-2;restricting;;;;
restringir;-2;restrict;;;;
resuelto;2;resolved;;;;
resuelve;2;resolves;;;;
retardar;-2;retard;;;;
retenido;-1;retained;;;;
reticente;-2;diffident;;;;
retirada;-1;retreat;;;;
retiro;-3;withdrawal;;;;
reto;-1;challenge;;;;
retozón;2;frisky;;;;
retrasado;-2;retarded;;;;
retrasar;-1;delay;;;;
retraso;-1;lag;;;;
revendedor;-2;tout;;;;
revendedores;-2;touts;;;;
reverenciado;2;revered;;;;
revive;2;revives;;;;
rezagado;-2;lagging;;;;
rezar;1;praying;;;;
rico;2;rich;;;;
ridiculiza;-2;derides;;;;
ridiculizado;-2;derided;;;;
ridiculizar;-2;deride;;;;
ridículo;-3;ridiculous;;;;
riendo;1;laughing;;;;
riesgo;-2;risk;;;;
riesgos;-2;risks;;;;
rigurosamente;3;rigorously;;;;
riguroso;3;rigorous;;;;
riqueza;3;wealth;;;;
risa;1;laugh;;;;
risas;1;laughs;;;;
robado;-2;stolen;;;;
robar;-2;rob;;;;
robing;-2;robing;;;;
robos;-2;steals;;;;
robs;-2;robs;;;;
robusto;2;robust;;;;
rofl;4;rofl;;;;
roflcopter;4;roflcopter;;;;
roflmao;4;roflmao;;;;
romance;2;romance;;;;
rompió;-1;broke;;;;
rotfl;4;rotfl;;;;
rotflmfao;4;rotflmfao;;;;
ROTFLOL;4;rotflol;;;;
roto;-1;broken;;;;
rudo;-3;badass;;;;
ruidoso;-1;noisy;;;;
ruina;-2;wreck;;;;
ruptura;-2;disruption;;;;
saboreando;2;relishing;;;;
sabotaje;-2;sabotage;;;;
sabroso;3;yummy;;;;
saliente;1;salient;;;;
saluda;1;greets;;;;
saludable;2;healthy;;;;
saludado;1;greeted;;;;
saludar;1;greet;;;;
saludo;1;greeting;;;;
saludos;2;greetings;;;;
salvado;2;saved;;;;
salvador de la vida;4;lifesaver;;;;
salvar;2;save;;;;
sanción;-2;penalty;;;;
sancionado;-2;punished;;;;
sangriento;-3;bloody;;;;
sarcástico;-2;sarcastic;;;;
satisfacer;2;humour;;;;
satisfecho;2;satisfied;;;;
se ahoga;-2;drowns;;;;
se avecina;-1;looming;;;;
se compromete;1;commits;;;;
se degrada;-2;degrades;;;;
se disculpa;-1;apologizes;;;;
se esconde;-1;hides;;;;
se extiende;1;extends;;;;
se queja;-2;complains;;;;
Se rió;1;laughed;;;;
secuestrado;-2;abducted;;;;
secuestro;-2;abduction;;;;
secuestros;-2;abductions;;;;
secundario;1;supporting;;;;
sedición;-2;sedition;;;;
sedicioso;-2;seditious;;;;
seducir;-1;seduced;;;;
seguidor;1;supporter;;;;
seguro;1;safe;;;;
seguro de sí mismo;2;self-confident;;;;
sensación;1;feeling;;;;
sensible;2;responsive;;;;
sentencia;-2;sentence;;;;
sentenciado;-2;sentenced;;;;
sentenciando;-2;sentencing;;;;
sentencias;-2;sentences;;;;
sentido;3;heartfelt;;;;
separado;-1;detached;;;;
sereno;2;serene;;;;
serio;2;earnest;;;;
servicial;2;helpful;;;;
sexy;3;sexy;;;;
shamed;-2;shamed;;;;
sí;1;yeah;;;;
sí;1;yes;;;;
significado;1;significance;;;;
significativo;1;significant;;;;
silenciamiento;-1;silencing;;;;
simpatía;2;sympathy;;;;
simpático;2;sympathetic;;;;
simplificada;-2;oversimplified;;;;
simplificar demasiado;-2;oversimplify;;;;
sin acreditar;-1;uncredited;;;;
sin amor;-2;unloved;;;;
sin ánimo;-2;spiritless;;;;
sin apoyo;-2;unsupported;;;;
sin dientes;-2;toothless;;;;
sin encanto;-3;charmless;;;;
sin esperanza;-2;hopeless;;;;
sin garantía;-2;unsecured;;;;
sin igual;2;unequaled;;;;
sin inteligencia;-2;unintelligent;;;;
sin par;1;unmatched;;;;
sin peligro;1;safely;;;;
sin sentido;-2;meaningless;;;;
sin tacha;2;untarnished;;;;
sin valor;-2;worthless;;;;
sincera;2;sincerest;;;;
sinceramente;2;sincerely;;;;
sinceridad;2;sincerity;;;;
sincero;2;sincere;;;;
singleminded;-2;singleminded;;;;
slickest;2;slickest;;;;
Smiled;2;smiled;;;;
snubbing;-2;snubbing;;;;
soborno;-3;bribe;;;;
sobrecarga;-1;overload;;;;
sobrecargar;-2;burdening;;;;
sobrereacciona;-2;overreacts;;;;
sobrereaccionar;-2;overreact;;;;
sobrerreacción;-2;overreaction;;;;
sobresaltado;-2;startled;;;;
sobresimplifica;-2;oversimplifies;;;;
sobresimplificación;-2;oversimplification;;;;
sobreviviendo;2;surviving;;;;
sobreviviente;2;survivor;;;;
sobrevivió;2;survived;;;;
socava;-2;undermines;;;;
socavar;-2;undermine;;;;
sociable;2;convivial;;;;
sofisticado;2;sophisticated;;;;
sofocado;-1;stifled;;;;
sol;2;sunshine;;;;
solemne;-1;solemn;;;;
solidaridad;2;solidarity;;;;
sólido;2;solid;;;;
solitario;-2;lonely;;;;
sollozar;-2;weep;;;;
solo;-2;alone;;;;
soltar;-1;drop;;;;
solución;1;solution;;;;
soluciona;1;solves;;;;
solucionado;1;solved;;;;
solucionar;1;solve;;;;
soluciones;1;solutions;;;;
sombrío;-2;somber;;;;
sonreír;2;smile;;;;
sonriente;2;smiling;;;;
sonrisas;2;smiles;;;;
soportado;2;supported;;;;
soportes;2;supports;;;;
sorprende;2;amazes;;;;
sorprendido;3;amused;;;;
sosegado;2;restful;;;;
soso;-2;dull;;;;
sospecha;-1;suspected;;;;
sospechando;-1;suspecting;;;;
sospechar;-1;suspect;;;;
sospechosos;-1;suspects;;;;
spammer;-3;spammer;;;;
squelched;-1;squelched;;;;
subestimaciones;-1;underestimates;;;;
subestimado;-1;underestimated;;;;
subestimar;-1;underestimate;;;;
subsidios;1;grants;;;;
subversivo;-2;subversive;;;;
suciedad;-2;dirt;;;;
sucio;-2;dirty;;;;
suelto;-3;loose;;;;
sueño;1;dream;;;;
sueños;1;dreams;;;;
suerte;3;luck;;;;
suertudo;3;lucky;;;;
suficiente;-2;complacent;;;;
sufre;-2;suffers;;;;
sufrimiento;-2;suffering;;;;
sufrir;-2;suffer;;;;
suicida;-2;suicidal;;;;
suicidio;-2;suicide;;;;
súper;3;super;;;;
superar a;2;outreach;;;;
superior;2;superior;;;;
suspender;-1;suspend;;;;
suspendido;-1;suspended;;;;
suspicaz;-2;suspicious;;;;
suspiro;-2;sigh;;;;
sustancial;1;substantial;;;;
sustancialmente;1;substantially;;;;
susto;-2;scare;;;;
tacaño;-2;stingy;;;;
taciturno;-2;glum;;;;
tapas;2;tops;;;;
tard;-2;tard;;;;
tedio;-2;ennui;;;;
telar;-1;loom;;;;
telares;-1;looms;;;;
temblante;-2;quaking;;;;
temblor;-2;trembling;;;;
tembloroso;-2;shaky;;;;
temerario;-2;reckless;;;;
temeroso;-2;fearful;;;;
temible;-2;fearsome;;;;
temido;-2;dreaded;;;;
temiendo;-2;fearing;;;;
temperamental;-1;moody;;;;
tensión;-1;tension;;;;
tenso;-2;uptight;;;;
terco;-2;obstinate;;;;
tergiversación;-2;misrepresentation;;;;
terrible;-3;terrible;;;;
terriblemente;-3;terribly;;;;
terror;-3;terror;;;;
terrorífico;-3;dreadful;;;;
tesoro;2;treasure;;;;
tesoros;2;treasures;;;;
tetas;-2;tits;;;;
tiempo;-2;tense;;;;
timado;-3;deceived;;;;
timar;-3;swindle;;;;
timas;-3;swindles;;;;
tímido;-2;timid;;;;
timorato;-2;timorous;;;;
titubeante;-1;wavering;;;;
tolerante;2;tolerant;;;;
toma de posesión;-2;swearing;;;;
tonto;-3;dumb;;;;
tontos;-2;fools;;;;
torpe;-2;awkward;;;;
tortura;-4;torture;;;;
torturado;-4;tortured;;;;
torturando;-4;torturing;;;;
torturas;-4;tortures;;;;
totalitario;-2;totalitarian;;;;
totalitarismo;-2;totalitarianism;;;;
tragedia;-2;tragedy;;;;
trágico;-2;tragic;;;;
tragona;-5;cocksucker;;;;
traición;-3;treason;;;;
traiciona;-3;betrays;;;;
traicionado;-3;betrayed;;;;
traicionar;-3;betray;;;;
traicionero;-3;betraying;;;;
tramado;-2;dithering;;;;
trampa;-1;trap;;;;
trampas;-3;cheats;;;;
tramposo;-3;cheater;;;;
tramposos;-3;cheaters;;;;
tranquiliza;1;reassures;;;;
tranquilizado;1;reassured;;;;
tranquilizador;2;reassuring;;;;
tranquilizar;1;reassure;;;;
tranquilo;2;tranquil;;;;
trapacero;-3;swindling;;;;
trastornado;-2;upset;;;;
trastornador;-2;upsetting;;;;
trastorno;-2;disorder;;;;
trastornos;-2;upsets;;;;
trauma;-3;trauma;;;;
traumático;-3;traumatic;;;;
travesura;-1;mischief;;;;
treasonous;-3;treasonous;;;;
trémulo;-2;tremulous;;;;
triste;-2;sad;;;;
tristemente;-2;sadly;;;;
triunfante;4;triumphant;;;;
triunfo;4;triumph;;;;
tugurio;-1;dump;;;;
tumba;-2;grave;;;;
tumor;-2;tumor;;;;
túnica;-2;robed;;;;
turbado;-2;uneasy;;;;
ufano;3;glad;complacido;complacida;;
una vez en la vida;3;once-in-a-lifetime;;;;
unido;1;united;;;;
unificada;1;unified;;;;
unirse;1;join;;;;
unresearched;-2;unresearched;;;;
urgente;-1;urgent;;;;
útil;2;useful;;;;
utilidad;2;usefulness;;;;
vacante;-1;empty;;;;
vacilante;-2;hesitant;;;;
vacilar;-2;hesitate;;;;
vacío;-1;emptiness;;;;
vago;-2;vague;;;;
valentía;2;courage;;;;
valida;1;validates;;;;
validado;1;validated;;;;
validante;1;validating;;;;
validar;1;validate;;;;
valiente;2;brave;;;;
valientemente;2;boldly;;;;
valor;2;worth;;;;
vano;-2;wasted;;;;
vehemente;2;zealous;;;;
vejación;-2;vexation;;;;
vencido;-2;beaten;;;;
veneno;-2;poison;;;;
venenos;-2;poisons;;;;
venganza;-2;revenge;;;;
vengativo;-2;revengeful;;;;
ventaja;2;advantage;;;;
ventajas;2;advantages;;;;
ventilador;3;fan;;;;
veredicto;-1;verdict;;;;
veredictos;-1;verdicts;;;;
vergonzoso;-2;shameful;;;;
vergüenza;-2;embarrassment;;;;
vestíbulo;-2;lobby;;;;
vibrante;3;vibrant;;;;
vicioso;-2;vicious;;;;
víctima;-3;victim;;;;
víctimas;-3;victims;;;;
víctimas mortales;-3;fatalities;;;;
victimiza;-3;victimizes;;;;
victimizado;-3;victimized;;;;
victimizadora;-3;victimizing;;;;
victimizar;-3;victimize;;;;
victorias;4;wins;;;;
victorioso;4;winning;;;;
vigilante;3;vigilant;;;;
vigorizado;3;exhilarated;;;;
vil;-3;vile;;;;
vindicado;2;vindicated;;;;
vindicar;2;vindicate;;;;
viola;-2;violates;;;;
violación;-4;rape;;;;
violado;-2;violated;;;;
violador;-4;rapist;;;;
violando;-2;violating;;;;
violar;-2;violate;;;;
violencia;-3;violence;;;;
violento;-3;violent;;;;
virtuoso;2;virtuous;;;;
virulento;-2;virulent;;;;
visión;1;vision;;;;
visionario;3;visionary;;;;
visiones;1;visions;;;;
vitalidad;3;vitality;;;;
vitamina;1;vitamin;;;;
vitriólico;-3;vitriolic;;;;
viudo;-1;widowed;;;;
viva;1;alive;;;;
vivaz;3;vivacious;;;;
vociferante;-1;vociferous;;;;
vulnerabilidad;-2;vulnerability;;;;
vulnerable;-2;vulnerable;;;;
WINWIN;3;winwin;;;;
won;3;won;;;;
woohoo;3;woohoo;;;;
wooo;4;wooo;;;;
woow;4;woow;;;;
wOWOW;4;wowow;;;;
wowww;4;wowww;;;;
wtf;-4;wtf;;;;
yeees;2;yeees;;;;
;-2;blame;;;;
;-2;blames;;;;
